,0
resistance,398
research,389
genetic,359
wheat,351
disease,307
plants,275
cereals,273
gene,255
development,245
production,221
barley,216
improved,215
plant,215
genes,194
molecular,184
system,182
pathogen,169
population,163
base,159
food,158
process,157
agriculture,152
names,152
biological,145
breeding,139
programs,135
methods,133
data,132
environment,130
trait,130
seeds,121
grain,120
resources,118
sativa,117
avena,116
genome,113
fusarium,112
genomics,112
testing,110
role,109
proteins,106
response,106
human,104
source,103
stress,102
goals,101
study,98
technology,97
tool,93
novel,91
head,91
time,90
knowledge,89
water,83
feeding,82
expression,81
analysis,80
monitor,76
virus,76
training,76
biology,75
rice,74
area,73
work,72
risk,71
communities,71
affect,70
poaceae,70
pathway,70
phenotype,69
climate,69
health,68
dna,67
diseases,66
growth,66
soil,66
fungus,65
modeling,64
marker,64
management,62
malt,62
stem,61
cost,60
address,60
maps,60
industry,59
techniques,58
,56
virulence,56
universities,56
measures,55
genotype,55
science,55
dietary,54
performance,54
laboratories,54
variant,53
united,53
mycotoxins,53
personnel,53
collection,53
control,52
chemicals,52
states,52
maize,52
economics,51
farmer,51
north,51
evaluation,51
structure,50
funding,50
productivity,50
nutrient,49
biochemical,49
genetics,49
harvest,49
infection,49
scientist,48
engineering,48
farming,48
oats,47
of,47
education,46
future,45
leaves,45
host,45
insecta,45
marketing,44
design,44
model,44
soybeans,44
nitrogen,44
animals,43
lead,43
interactions,42
site,42
environmental,42
aphids,41
pathogenicity,41
temperature,41
droughts,41
characteristics,40
microbial,40
rna,40
vector,40
sequencing,40
students,40
high,39
physiological,39
databases,39
individual,38
nutritional,38
practice,38
transgenic,38
function,38
signal,38
rotation,38
meetings,38
natural,37
outreach,37
family,36
roots,36
student,36
change,36
tissues,35
location,35
industrial,34
protein,34
link,34
safety,34
life,34
international,34
dakota,34
interest,33
regulation,33
fungicide,33
models,33
collaborations,33
sequence,33
disorder,33
systems,33
resource,33
bean,33
sampling,32
acids,32
cloning,32
organisms,32
and,32
viral,32
pisum,32
sativum,32
diet,30
mechanism,30
ecology,29
detection,29
candidate,29
transduction,29
viruses,29
seasons,29
complex,29
mediating,29
rye,29
cereal,29
quantitative,28
loci,28
mutant,28
nurseries,28
supply,28
community,28
pressure,27
effectiveness,27
oils,27
animal,27
pesticides,27
markers,27
surveys,27
play,27
factor,27
metabolism,26
property,26
evolution,26
educational,26
generations,26
services,26
graduate,26
fabaceae,26
immune,26
toxin,25
spottings,25
medical,24
organism,24
pattern,24
race,24
screening,24
insect,24
luteovirus,24
fertilizers,24
measurement,23
economic,23
sector,23
defense,23
impact,23
montana,23
nature,23
herbicides,23
lentils,23
enzymes,22
project,22
ensure,22
predisposition,22
generation,22
potato,22
irrigation,22
hybrids,22
reporting,22
genomic,22
factors,21
assay,21
liquid,21
idaho,21
staging,21
next,21
falls,21
deoxynivalenol,21
pacific,21
northwest,21
livestock,21
coupled,20
grants,20
modification,20
chromosome,20
mapping,20
fungal,20
cell,20
information,20
procedures,20
virulent,20
publications,20
functional,19
amino,19
mutation,19
insight,19
physical,19
growthdevelopment,19
american,19
investigation,19
rural,19
alleles,19
flowers,19
transcriptome,19
fiber,18
alfalfa,18
biomass,18
ethanol,18
in,18
methodology,18
germination,18
specialties,18
geographic,18
computer,18
web,18
bioinformatics,18
prevent,18
institution,18
to,18
quality,18
ecosystem,18
field,17
reaction,17
comparative,17
mosaic,17
biosecurity,17
grant,17
acid,17
phosphorus,17
pathology,17
outcome,17
state,17
metabolic,16
agents,16
chromatography,16
america,16
architecture,16
security,16
phylogenetic,16
rapid,16
nutrition,16
microorganism,16
approach,16
sales,16
epidemiology,16
variation,16
antifungal,15
starch,15
reproduction,15
public,15
polymorphism,15
spectrum,15
receptor,15
chromosomes,15
success,15
school,15
foundations,15
dental,15
tolerance,15
minority,15
peer,15
cold,15
sound,15
residual,15
imaging,15
pathogenic,15
adult,14
weight,14
feed,14
series,14
operation,14
vegetables,14
cells,14
documentation,14
seedling,14
anabolism,14
activity,14
brassica,14
weather,14
software,14
physiology,14
inbreeding,14
communication,14
journals,14
societies,14
award,14
transmission,14
experience,14
review,14
college,14
image,14
technique,14
recommendation,14
consumption,13
maintenance,13
fruit,13
substance,13
helianthus,13
species,13
relative,13
related,13
person,13
infrastructure,13
phase,13
decision,13
specificity,13
susceptibility,13
pathogenesis,13
workshop,13
postdoctoral,13
fellow,13
profiling,13
program,13
light,13
equipment,13
schools,13
freezing,13
effective,13
biotechnology,13
effect,12
fermentation,12
accounting,12
recovery,12
support,12
recombinants,12
biocontrols,12
protocols,12
silencing,12
california,12
career,12
triticum,12
movement,12
publishing,12
crowns,12
member,12
chemistry,12
general,12
carbon,12
bread,12
spectroscopy,12
resilience,12
feeds,11
solid,11
behavior,11
new,11
cysteine,11
regeneration,11
epidemic,11
saccharum,11
birds,11
simulation,11
genomewide,11
transcription,11
statistics,11
face,11
social,11
washington,11
pest,11
county,11
kentucky,11
surface,11
incidence,11
wide,11
association,11
interference,11
whole,11
microbiota,11
tools,11
mass,10
chronic,10
gases,10
strategies,10
discovery,10
transcript,10
diagnostic,10
molds,10
excision,10
northern,10
innovation,10
length,10
hordeum,10
vulgare,10
biochemistry,10
price,10
income,10
cherry,10
output,10
heating,10
regions,10
cattle,10
deposition,10
recording,10
previous,10
events,10
faculty,10
set,10
biodiversity,10
mildew,10
fly,10
sensor,10
single,10
nucleotide,10
mechanisms,10
sorghum,10
body,9
carbohydrates,9
equilibrium,9
fishes,9
particle,9
processing,9
gluten,9
microbe,9
sugar,9
carbohydrate,9
messenger,9
arabidopsis,9
positional,9
elements,9
organ,9
private,9
transgene,9
fluorescence,9
agricultural,9
air,9
repository,9
vitro,9
regulators,9
beta,9
country,9
government,9
online,9
calories,9
adaptation,9
glucans,9
height,9
back,9
preservation,9
vectors,9
symposium,9
classification,9
flour,9
communicable,9
toxic,9
visual,9
trees,9
lolium,9
outbreaks,9
insecticides,9
silage,9
injury,9
mathematical,9
immunity,9
mission,9
requirements,9
nearinfrared,9
resequencing,9
nematoda,9
minerals,9
sulfur,9
blood,8
betaglucans,8
drug,8
mechanics,8
secure,8
libraries,8
minor,8
remote,8
proteomics,8
yeasts,8
exhibits,8
recombination,8
aflatoxins,8
chain,8
phytochemical,8
learning,8
spores,8
participant,8
making,8
preparation,8
specialist,8
event,8
adoption,8
transfer,8
materials,8
activities,8
interaction,8
mentors,8
carolina,8
fellowship,8
density,8
beer,8
wyoming,8
bacteria,8
elevator,8
dynamics,8
grasslands,8
precipitation,8
distribution,8
fertility,8
intake,8
epigenetic,8
value,8
undergraduate,8
untranslated,8
knockout,8
choking,8
poa,8
reverse,8
lysine,8
methionine,8
microbiology,8
fixation,8
3dimensional,8
energy,7
glucose,7
obesity,7
arachis,7
hypogaea,7
gossypium,7
peanuts,7
capital,7
treatment,7
relationship,7
sensing,7
peptide,7
selection,7
positioning,7
attribute,7
ethylenes,7
tissue,7
housing,7
color,7
complementary,7
prevalence,7
severities,7
aestivum,7
developmental,7
translation,7
procedure,7
instructing,7
oryza,7
sorting,7
phytic,7
attention,7
nebraska,7
suidae,7
plains,7
minnesota,7
oregon,7
basic,7
vulgaris,7
south,7
optics,7
practitioners,7
database,7
heart,7
lipids,7
instrumentation,7
benefit,7
manure,7
computing,7
fatty,7
underrepresented,7
overexpression,7
epidemiological,7
ergot,7
europe,7
symptoms,7
frequencies,7
translating,7
cancer,7
lipid,6
studies,6
flax,6
salmo,6
trutta,6
hydrolases,6
criteria,6
mouseear,6
cress,6
perception,6
prevention,6
polymerase,6
parasites,6
use,6
expressed,6
tags,6
locations,6
indexing,6
domestic,6
skills,6
internet,6
morphology,6
genus,6
cycle,6
awareness,6
germ,6
parents,6
phytate,6
experimental,6
uptake,6
descriptor,6
global,6
museums,6
institutes,6
regulator,6
virginia,6
laws,6
dioxide,6
solutions,6
travel,6
rivers,6
hardness,6
order,6
coleoptera,6
homologous,6
european,6
assessment,6
fitness,6
guidelines,6
object,6
statistical,6
optical,6
feces,6
stressor,6
defect,6
hand,6
chromosomal,6
differential,6
dissection,6
zea,6
mays,6
delivery,6
hostmicrobe,6
glycemic,5
syndrome,5
beds,5
fish,5
vivo,5
oncorhynchus,5
mykiss,5
amylases,5
membrane,5
flavoring,5
progenitor,5
transgenes,5
fruits,5
nucleotides,5
randomized,5
agrobacterium,5
germin,5
determinism,5
antioxidants,5
targeting,5
peptides,5
greenhouse,5
certification,5
fostering,5
label,5
initiation,5
application,5
principal,5
investigator,5
translations,5
update,5
reproductive,5
analyses,5
small,5
electronics,5
medicine,5
photoperiod,5
meat,5
binding,5
laboratory,5
code,5
forest,5
habitats,5
angiosperms,5
woman,5
fossil,5
fuels,5
access,5
tobacco,5
colorado,5
sclerotinia,5
mycoses,5
theories,5
businesses,5
wind,5
investments,5
shuffling,5
service,5
gastrointestinal,5
scheme,5
material,5
contamination,5
methylation,5
instrument,5
micronutrients,5
conditions,5
recruitment,5
knockdown,5
child,5
style,5
haploidy,5
validation,5
identification,5
canada,5
infiltration,5
brain,5
oxide,5
phenotypic,5
computerized,5
acute,4
composition,4
index,4
heterogeneity,4
soluble,4
aspergillus,4
chemical,4
aquaculture,4
bran,4
method,4
polymers,4
kinetics,4
microscopic,4
structureactivity,4
blotting,4
volatile,4
mutagens,4
a,4
death,4
backcrossings,4
inhibitorantagonist,4
nitrates,4
gibberellins,4
hormone,4
migration,4
map,4
genbank,4
mammals,4
wisconsin,4
land,4
pseudomonas,4
poison,4
sciences,4
reading,4
africa,4
arts,4
entomology,4
michigan,4
fertilization,4
facility,4
complement,4
stages,4
developments,4
mappings,4
cataloging,4
catalogs,4
kansas,4
newsletter,4
profile,4
regulatory,4
npalmitoylgalactosylsphingosine,4
severity,4
illness,4
fowls,4
personal,4
eating,4
milk,4
plague,4
chromatin,4
mexico,4
teacher,4
active,4
sites,4
dependence,4
homology,4
magnetic,4
oxalate,4
nuclear,4
senescence,4
hispanics,4
news,4
radiation,4
archives,4
trend,4
sheep,4
texas,4
censuses,4
organic,4
indian,4
pathologist,4
calibration,4
diagnosis,4
mentha,4
diabetes,4
mellitus,4
utah,4
crops,4
large,4
intestine,4
employment,4
empowered,4
powder,4
salmonella,4
humulus,4
thermodynamics,4
transportation,4
wood,4
fumigation,4
companions,4
cholesterol,4
malignant,4
conservation,4
paper,4
nuts,4
inflammatory,4
groups,4
trichothecenes,4
metagenomics,4
driving,4
psychology,4
meristem,4
adopted,4
exposure,4
enhancement,4
inventories,4
habits,4
ploidies,4
forward,4
recurrence,4
acclimatization,4
cterminal,4
thermostability,4
promoter,4
tocopherols,4
physiologic,4
pulse,4
trichoderma,4
annotation,4
exchanges,4
berberis,4
transcriptomics,4
segment,4
chinese,4
people,4
shapes,4
intervention,4
fatsoluble,4
vitamin,4
gut,4
muscle,4
sedimentation,4
transplantation,4
waste,4
raman,4
fourier,4
transform,4
technologytechnique,4
formulation,4
imagery,4
ammonia,4
nitrous,4
midwestern,4
genotyping,4
decreased,3
insulin,3
longitudinal,3
overweight,3
legal,3
patent,3
placental,3
cotyledon,3
devices,3
fractionation,3
hydrogen,3
viscosity,3
carthamus,3
tinctorius,3
formulations,3
hatching,3
incubated,3
supplementation,3
electrophoresis,3
product,3
posttranslational,3
enzyme,3
hybrid,3
solvents,3
gas,3
multivariate,3
tdna,3
mutagenesis,3
beverages,3
culture,3
codon,3
integration,3
plasmids,3
agar,3
library,3
green,3
fluorescent,3
inverse,3
coupling,3
kinesiology,3
route,3
policy,3
competence,3
rhizoctonia,3
microarray,3
bacterial,3
diploidy,3
agency,3
hormones,3
practical,3
literature,3
florida,3
strategic,3
planning,3
drosophila,3
magnaporthe,3
occupations,3
administrator,3
arm,3
cytogenetics,3
pool,3
visit,3
circadian,3
conditioning,3
designs,3
segregation,3
arkansas,3
difference,3
province,3
stream,3
influentials,3
printing,3
center,3
louisiana,3
orthologous,3
pennsylvania,3
longevity,3
west,3
nile,3
catalysis,3
oxidase,3
interdisciplinary,3
mathematics,3
behavioral,3
pollen,3
embryo,3
expectation,3
history,3
socioeconomics,3
oral,3
metabolomics,3
scale,3
glyphosate,3
combat,3
indians,3
home,3
tribes,3
bioprocess,3
apple,3
fire,3
disasters,3
zearalenone,3
hazards,3
preference,3
userfriendly,3
cluster,3
asians,3
carcinogenicity,3
categories,3
fumonisins,3
brassicaceae,3
flexibility,3
partner,3
synthesis,3
discipline,3
iowa,3
taxonomy,3
day,3
cities,3
americas,3
diabetic,3
pod,3
mottle,3
insurance,3
policies,3
digestion,3
therapeutic,3
cochliobolus,3
savings,3
schedule,3
invaded,3
employee,3
leadership,3
manufacturer,3
name,3
algorithms,3
alphaamylase,3
grapes,3
olives,3
dose,3
pulp,3
tract,3
intestines,3
england,3
size,3
technical,3
report,3
wasting,3
prototype,3
citrus,3
saline,3
neoplasms,3
onions,3
hazard,3
proposals,3
manipulation,3
esthetics,3
chips,3
horns,3
parasitism,3
3,3
5,3
biosynthesis,3
ribosomes,3
mites,3
running,3
cessation,3
necrosis,3
automobile,3
pairing,3
lesion,3
speed,3
failure,3
snp,3
resonance,3
schema,3
exome,3
joints,3
micrornas,3
proteome,3
resolution,3
geography,3
nanoparticle,3
participation,3
standardization,3
dwarfism,3
aphanomyces,3
heritability,3
eng,3
diarrhea,3
accesses,3
ionophores,3
mahonia,3
beneficial,3
microbiome,3
cardiovascular,2
supplements,2
sensitivity,2
satiation,2
flavus,2
freeze,2
drying,2
okra,2
protective,2
nutraceutical,2
ruminants,2
effects,2
capillary,2
diffuse,2
petroleum,2
ultracentrifugation,2
cellulase,2
cellulases,2
combinatorial,2
directed,2
hydrolysis,2
metric,2
biomedical,2
external,2
ear,2
auricle,2
fusion,2
histologic,2
probes,2
ochratoxin,2
antitoxins,2
computers,2
recombinase,2
vertebral,2
column,2
methanol,2
paste,2
waxes,2
african,2
appearance,2
the,2
coenzyme,2
isoenzymes,2
ligase,2
phenylalanine,2
ammonialyase,2
reagent,2
particulate,2
pollutant,2
urban,2
phenazines,2
phloroglucinol,2
pythium,2
analog,2
artificial,2
pilot,2
projects,2
cytoplasmic,2
phosphorylation,2
phosphotransferases,2
tomatoes,2
transforming,2
receptors,2
iran,2
mining,2
uncertainty,2
fundamental,2
manufacturing,2
matrix,2
blast,2
nucleic,2
rhythms,2
cues,2
throughput,2
sodium,2
chloride,2
transcriptional,2
linkage,2
haplotypes,2
asia,2
consult,2
preparations,2
arctic,2
etiology,2
abstracting,2
case,2
philippines,2
degradation,2
kinase,2
yang,2
photosynthesis,2
peroxide,2
manganese,2
decarboxylase,2
oxalates,2
assimilations,2
glycine,2
doctor,2
philosophy,2
curriculum,2
cellular,2
minorityserving,2
posters,2
kenya,2
fructans,2
up,2
beef,2
ohio,2
volunteer,2
bison,2
chickens,2
equus,2
caballus,2
reservation,2
reservations,2
salsola,2
peach,2
australia,2
oklahoma,2
atm,2
chills,2
tropical,2
deterioration,2
rapa,2
vascular,2
progression,2
inherited,2
gathering,2
hawaii,2
products,2
department,2
native,2
americans,2
limes,2
cyclic,2
kinases,2
honey,2
fungi,2
herb,2
prebiotics,2
disadvantaged,2
foot,2
rot,2
ally,2
welfare,2
pollution,2
psyllids,2
zebra,2
noninsulindependent,2
survey,2
affinity,2
discriminant,2
gel,2
scanning,2
specimen,2
sucrose,2
almond,2
nut,2
cooking,2
fragmentography,2
microwave,2
electromagnetic,2
odors,2
form,2
attenuated,2
beets,2
excretory,2
regimen,2
typhimurium,2
vaccination,2
coal,2
cocoa,2
disability,2
energygenerating,2
power,2
sequences,2
poisons,2
quarantine,2
countries,2
exposed,2
pheromone,2
compound,2
cryopreservation,2
rattus,2
algae,2
cynodon,2
sweet,2
satisfaction,2
iraq,2
terrorism,2
strategy,2
methodologies,2
histone,2
arizona,2
centaurea,2
pecans,2
humidity,2
lens,2
specific,2
qualifier,2
biocompatible,2
confidence,2
intervals,2
salivary,2
absorption,2
mixtures,2
esterase,2
glycerol,2
quinoa,2
skin,2
gain,2
wine,2
phosphatase,2
enhancers,2
eukaryotic,2
attitude,2
italy,2
reliance,2
warming,2
pedigree,2
short,2
tandem,2
repeat,2
cyst,2
extinction,2
ice,2
meter,2
wild,2
blueberries,2
delaware,2
wing,2
eragrostis,2
japan,2
chicago,2
copper,2
potassium,2
y,2
bisulfite,2
cytosine,2
controlled,2
transformation,2
liver,2
molecule,2
group,2
computational,2
conflict,2
academia,2
germany,2
internships,2
veins,2
chironomus,2
thummi,2
oranges,2
fleas,2
pepper,2
fighting,2
replication,2
lignin,2
saccharomyces,2
sister,2
damage,2
metals,2
silicon,2
biomarker,2
tube,2
maggots,2
dimensions,2
populations,2
journal,2
article,2
advisory,2
committees,2
digital,2
rights,2
pump,2
variance,2
experiment,2
broadening,2
apoptosis,2
female,2
open,2
translational,2
inflorescence,2
toxicology,2
sources,2
processes,2
regional,2
pathologic,2
allele,2
yeast,2
two,2
interoperability,2
pangenome,2
webinar,2
solute,2
corn,1
feasibility,1
spectrometer,1
analytical,1
fisheries,1
incubators,1
lighting,1
longterm,1
oceans,1
vitamins,1
flow,1
countercurrent,1
tests,1
hemicellulose,1
mutate,1
pentosan,1
sulfuric,1
polyester,1
permeability,1
xylans,1
proteinase,1
serine,1
western,1
oligonucleotide,1
penicillium,1
sudden,1
cosmids,1
alkaloids,1
anthranilic,1
milligram,1
imprint,1
nano,1
ozone,1
maker,1
fluorescens,1
matingtype,1
fingerprint,1
microsatellite,1
repeats,1
polyploidy,1
twodimensional,1
writing,1
dideoxy,1
termination,1
opportunities,1
ripk1,1
nongenomic,1
substrate,1
domain,1
expert,1
taro,1
vegetable,1
terminology,1
release,1
expenditure,1
great,1
lakes,1
region,1
end,1
usability,1
polycomb,1
commercialization,1
construction,1
metalloproteinases,1
microscope,1
pennisetum,1
slide,1
starvation,1
stretching,1
pacemaker,1
defined,1
contribution,1
element,1
aneuploidy,1
simulate,1
abscisic,1
followup,1
inositol,1
phosphates,1
central,1
expeditions,1
networks,1
other,1
angelica,1
clover,1
lupinus,1
remediation,1
rheum,1
rhubarb,1
strawberries,1
phosphoric,1
monoester,1
professional,1
mosquito,1
vectortransmitted,1
infectious,1
antimicrobial,1
defensins,1
medicago,1
defensin,1
chloroplasts,1
plastids,1
grp,1
rnabinding,1
three,1
dimensional,1
calculi,1
chronology,1
civilization,1
croatia,1
france,1
jordan,1
morphologic,1
artifacts,1
sea,1
age,1
floor,1
iceland,1
occupational,1
proxy,1
reconstruction,1
suggestion,1
scotland,1
catabolism,1
chlorophyll,1
hypoxia,1
oxygen,1
ethiopia,1
sudan,1
uganda,1
yemen,1
kluyveromyces,1
benchmarking,1
hour,1
potential,1
questionnaires,1
wiki,1
salish,1
kootenai,1
young,1
youth,1
genetically,1
modified,1
readiness,1
buffers,1
anthocyanins,1
catechol,1
oligosaccharides,1
fruiting,1
bodies,1
adhesions,1
amides,1
charge,1
dominica,1
hydrophobicity,1
left,1
phosphines,1
based,1
predatory,1
walkers,1
weevils,1
dnabinding,1
biogenesis,1
glucosinolates,1
measure,1
combinations,1
reviews,1
improve,1
antibiosis,1
island,1
microclimate,1
professor,1
candy,1
culicidae,1
dengue,1
malaria,1
theory,1
disulfides,1
relational,1
national,1
xanthomonas,1
heat,1
disorders,1
gibberellic,1
phototransduction,1
phytochrome,1
forestry,1
facilities,1
wages,1
page,1
status,1
pine,1
ridge,1
poverty,1
teton,1
sioux,1
tris2carboxyethylphosphine,1
budgets,1
cohort,1
piperita,1
mineralization,1
pear,1
verticillium,1
hypocreales,1
alberta,1
vacuum,1
side,1
amp,1
ampdependent,1
mitogenactivated,1
morphogenesis,1
penetration,1
potyvirus,1
tospovirus,1
explosion,1
roundup,1
antibiotics,1
dairy,1
filtration,1
withdrawal,1
commerce,1
consumer,1
organizations,1
arthropods,1
problembased,1
network,1
targeted,1
cellulose,1
cooperative,1
agreement,1
amylopectin,1
amylose,1
granules,1
gliadin,1
glutenin,1
lactic,1
leastsquares,1
masks,1
component,1
indicator,1
spectroscopic,1
nmr,1
sensory,1
developed,1
developing,1
discount,1
larva,1
packaging,1
glucosidase,1
juvenile,1
banana,1
manihot,1
plantago,1
retrieval,1
oxidative,1
beneficiary,1
york,1
spelling,1
taste,1
plum,1
evaporation,1
methyl,1
tertbutyl,1
ether,1
epigenomics,1
impairment,1
dissemination,1
boxing,1
dielectric,1
inmigration,1
planetary,1
atmosphere,1
seal,1
styrofoam,1
device,1
or,1
panicum,1
6phytase,1
adipose,1
alcohols,1
bile,1
bioavailable,1
availability,1
esters,1
hamsters,1
hepatic,1
inflammation,1
juice,1
lipopolysaccharides,1
mus,1
associated,1
plasma,1
sonication,1
sterols,1
cytokinins,1
enrollment,1
technics,1
teachers,1
lectures,1
beryllium,1
internal,1
ribosome,1
entry,1
polya,1
tail,1
innovative,1
technologies,1
bees,1
fat,1
ethers,1
wasps,1
bioreactors,1
consultations,1
cytostatics,1
echinacea,1
etoposide,1
lemongrass,1
market,1
medicinal,1
mississippi,1
nepeta,1
passion,1
flower,1
pharmacy,1
podophyllotoxin,1
podophyllum,1
peltatum,1
salvia,1
miltiorrhiza,1
tanacetum,1
parthenium,1
teniposide,1
reports,1
maryland,1
ocimum,1
basilicum,1
calendar,1
vomiting,1
cauliflower,1
rich,1
genemodified,1
ambrosia,1
emerging,1
whiteflies,1
indiana,1
predictive,1
containment,1
nematode,1
infections,1
situ,1
arginine,1
aspartate,1
austin,1
cytoplasm,1
recognition,1
slug,1
killings,1
cadmium,1
contracts,1
repetitive,1
retrotransposon,1
ground,1
illinois,1
hunger,1
point,1
frontier,1
provider,1
egg,1
hot,1
spot,1
shipping,1
ships,1
alternaria,1
ascomycota,1
caramel,1
chocolate,1
coffee,1
amendment,1
refuse,1
disposal,1
salts,1
phytophthora,1
inhibitor,1
pectins,1
recombinant,1
mycelium,1
pure,1
line,1
standard,1
records,1
taxon,1
test,1
result,1
voucher,1
introns,1
transposase,1
array,1
structures,1
target,1
texture,1
immunologic,1
monitoring,1
largescale,1
intensity,1
extract,1
signaling,1
agrochemicals,1
focus,1
missouri,1
manuals,1
media,1
sizes,1
selffertilizations,1
twin,1
multiple,1
birth,1
denmark,1
switzerland,1
kingdom,1
kudzu,1
bedbugs,1
client,1
japanese,1
moths,1
apical,1
atlases,1
axilla,1
hormonal,1
jasmonic,1
doublestranded,1
injection,1
agent,1
saliva,1
glands,1
avocado,1
melons,1
mutualism,1
red,1
turtles,1
antiviral,1
brome,1
rearrangement,1
electrons,1
endoplasmic,1
reticulum,1
intracellular,1
membranes,1
nicotiana,1
phospholipids,1
unsaturated,1
phenomena,1
wall,1
equisetum,1
thick,1
officials,1
floods,1
lateral,1
fingers,1
custom,1
flocculation,1
maltose,1
cerevisiae,1
meleagris,1
gallopavo,1
monos,1
antibodies,1
carnation,1
hepatitis,1
c,1
hiv,1
intergenic,1
selections,1
tissuespecific,1
distant,1
highthroughput,1
mite,1
infestations,1
tetranychidae,1
aminoglycosides,1
aspergillosis,1
azoles,1
direct,1
strikes,1
business,1
synergism,1
triazoles,1
aluminum,1
ataxia,1
telangiectasia,1
mutated,1
belgium,1
checkpoint,1
exclusion,1
genotoxicity,1
poland,1
ursidae,1
china,1
extreme,1
mentorship,1
tibet,1
lasers,1
millimeter,1
radar,1
semiconductors,1
compounds,1
threedimensional,1
transistors,1
voltage,1
weapons,1
scholarship,1
survivor,1
colorectal,1
practices,1
patient,1
selfreport,1
prospective,1
mitochondria,1
substances,1
dnaprotein,1
southern,1
sphingolipids,1
very,1
long,1
beauty,1
millet,1
predisposing,1
trichodiene,1
synthase,1
alabama,1
brazil,1
mediation,1
programming,1
adduct,1
aflatoxin,1
b1,1
albumins,1
aromatic,1
polycyclic,1
hydrocarbons,1
benzoapyrene,1
breathing,1
carcinogens,1
chlorogenic,1
clay,1
clinical,1
early,1
pollutants,1
epidemiologic,1
fetus,1
ghana,1
hepatotoxicity,1
trial,1
neoplasm,1
at,1
smoke,1
tumor,1
urinary,1
urine,1
vulnerable,1
acidity,1
adsorption,1
adverse,1
arsenic,1
carbonates,1
colloids,1
crystallinity,1
drainage,1
detoxication,1
heavy,1
hydroxide,1
ion,1
hydroxides,1
iron,1
nickel,1
oxidation,1
oxides,1
sulfides,1
zinc,1
disputes,1
generic,1
drugs,1
incentives,1
payment,1
hemp,1
rheology,1
pair,1
2,1
denitrification,1
electromagnetics,1
taxes,1
volatilization,1
acetyltransferase,1
efflux,1
rain,1
snakes,1
snow,1
fda,1
approved,1
insoluble,1
proanthocyanidins,1
burn,1
caliber,1
dust,1
inorganic,1
phosphate,1
chickpea,1
aqueous,1
centrifugation,1
enteritis,1
crossing,1
over,1
soy,1
bathing,1
errors,1
samplingtesting,1
width,1
working,1
equation,1
indium,1
racial,1
ethnic,1
stoichiometry,1
coinfection,1
rate,1
force,1
mobile,1
normal,1
range,1
sustainable,1
carbamates,1
financial,1
incentive,1
good,1
organophosphates,1
pesticide,1
aftercare,1
chili,1
pistachio,1
restoration,1
abortion,1
division,1
suicide,1
diospyros,1
male,1
repression,1
sex,1
determination,1
sexuality,1
sterility,1
xylem,1
protection,1
drops,1
rewards,1
prophylactic,1
transcriptase,1
steam,1
desiccation,1
microscopy,1
priority,1
alzheimers,1
algorithm,1
cyber,1
first,1
healthcare,1
parkinson,1
pharmacologic,1
physics,1
veterinary,1
virtual,1
extracellular,1
nanomaterials,1
nanometer,1
extracts,1
polyphenol,1
botanicals,1
plasticity,1
ethnography,1
gardenal,1
indigenous,1
inequality,1
methylome,1
politics,1
pumpkins,1
squash,1
xray,1
computed,1
tomography,1
anticancer,1
disparity,1
cherokee,1
tobaccorelated,1
carcinoma,1
sharing,1
sample,1
components,1
recruit,1
gc,1
conversion,1
guanine,1
letters,1
specify,1
